start	end	text
59380	59700	Más información www.alimmenta.com
89380	89700	Más información www.alimmenta.com
118180	119720	Más información www.alimmenta.com
148580	149980	Más información www.alimmenta.com
178580	179980	Más información www.alimmenta.com
208580	209980	Más información www.alimmenta.com
237180	239980	Más información www.alimmenta.com
256580	269700	Más información www.alimmenta.com
299360	299700	Más información www.alimmenta.com
328580	329980	Más información www.alimmenta.com
330000	359760	Más información www.alimmenta.com
388020	389640	Más información www.alimmenta.com
418580	419980	Más información www.alimmenta.com
445120	449980	Más información www.alimmenta.com
450000	479980	Más información www.alimmenta.com
480000	509660	Más información www.alimmenta.com
538020	539460	Más información www.alimmenta.com
552980	569800	Más información www.alimmenta.com
598580	599980	Más información www.alimmenta.com
628580	629980	Más información www.alimmenta.com
658300	659700	Más información www.alimmenta.com
688580	689980	Más información www.alimmenta.com
718580	719980	Más información www.alimmenta.com
731760	749780	Más información www.alimmenta.com
754840	779800	Más información www.alimmenta.com
808160	809680	Más información www.alimmenta.com
810000	838480	Más información www.alimmenta.com
842160	869320	Más información www.alimmenta.com
870000	899980	Más información www.alimmenta.com
907140	929780	Más información www.alimmenta.com
939380	959300	Más información www.alimmenta.com
960000	989820	Más información www.alimmenta.com
990000	1019980	Más información www.alimmenta.com
1026840	1049720	Más información www.alimmenta.com
1050000	1077660	Más información www.alimmenta.com
1087780	1105780	Más información www.alimmenta.com
1114480	1139300	Más información www.alimmenta.com
1166400	1169640	Más información www.alimmenta.com
1170000	1198880	Más información www.alimmenta.com
1200000	1229980	Más información www.alimmenta.com
1232380	1259980	Más información www.alimmenta.com
1260000	1285880	Más información www.alimmenta.com
1312200	1319980	Más información www.alimmenta.com
1320000	1349980	Más información www.alimmenta.com
1350000	1379980	Más información www.alimmenta.com
1380000	1383940	Más información www.alimmenta.com
1414800	1439780	Más información www.alimmenta.com
1446180	1469640	Más información www.alimmenta.com
1477940	1498520	Más información www.alimmenta.com
1525580	1529740	Más información www.alimmenta.com
1530000	1559980	Más información www.alimmenta.com
1566700	1573160	Doctor Strange in the Multiverse of Madness
1590320	1600000	Doctor Strange in the Multiverse of Madness
1620900	1630000	Doctor Strange in the Multiverse of Madness
1650000	1660000	Doctor Strange in the Multiverse of Madness
1680820	1690000	Doctor Strange in the Multiverse of Madness
1731640	1738740	Doctor Strange in the Multiverse of Madness
1741280	1766000	Doctor Strange in the Multiverse of Madness
1772600	1780000	Doctor Strange in the Multiverse of Madness
1804860	1827300	Doctor Strange in the Multiverse of Madness
1830040	1840000	Doctor Strange in the Multiverse of Madness
1864140	1889040	Doctor Strange in the Multiverse of Madness
1890000	1917700	Doctor Strange in the Multiverse of Madness
1920160	1930000	Doctor Strange in the Multiverse of Madness
1952420	1970940	Doctor Strange in the Multiverse of Madness
1980260	2009840	Doctor Strange in the Multiverse of Madness
2010000	2020000	Doctor Strange in the Multiverse of Madness
2041020	2066460	Doctor Strange in the Multiverse of Madness
2092020	2098860	Doctor Strange in the Multiverse of Madness
2100000	2128620	Doctor Strange in the Multiverse of Madness
2130000	2140000	Doctor Strange in the Multiverse of Madness
2160000	2170000	Doctor Strange in the Multiverse of Madness
2190720	2200000	Doctor Strange in the Multiverse of Madness
2225620	2230000	Multiverse of Madness
2254280	2260000	Doctor Strange in the Multiverse of Madness
2280000	2285900	Doctor Strange in the Multiverse of Madness
2310580	2320000	Doctor Strange in the Multiverse of Madness
2340000	2350000	Doctor Strange in the Multiverse of Madness
2370000	2380000	Doctor Strange in the Multiverse of Madness
2400000	2410000	Doctor Strange in the Multiverse of Madness
2441100	2459340	Doctor Strange in the Multiverse of Madness
2460000	2489780	Doctor Strange in the Multiverse of Madness
2490000	2500000	Doctor Strange in the Multiverse of Madness
2520500	2530000	Doctor Strange in the Multiverse of Madness
2550000	2560000	Doctor Strange in the Multiverse of Madness
2580000	2590000	Doctor Strange in the Multiverse of Madness
2617860	2638200	Doctor Strange in the Multiverse of Madness
2641140	2650000	Doctor Strange in the Multiverse of Madness
2682300	2698200	Doctor Strange in the Multiverse of Madness
2700000	2710000	Doctor Strange in the Multiverse of Madness
2730740	2740000	Doctor Strange in the Multiverse of Madness
2766480	2770000	Doctor Strange in the Multiverse of Madness
2801420	2819920	Doctor Strange in the Multiverse of Madness
2821500	2830000	Doctor Strange in the Multiverse of Madness
2850900	2877200	Doctor Strange in the Multiverse
2880000	2908640	Doctor Strange in the Multiverse of Madness
2912140	2920000	Doctor Strange in the Multiverse of Madness
2951440	2967440	Doctor Strange in the Multiverse of Madness
2970280	2980000	Doctor Strange in the Multiverse of Madness
3000980	3010000	Doctor Strange in the Multiverse of Madness
3041020	3056420	Doctor Strange in the Multiverse of Madness
3063860	3070000	Doctor Strange in the Multiverse of Madness
3090000	3100000	Doctor Strange in the Multiverse of Madness
3122500	3130000	Doctor Strange in the Multiverse of Madness
3151440	3160000	Doctor Strange in the Multiverse of Madness
3181340	3190000	Doctor Strange in the Multiverse of Madness
3213720	3220000	Doctor Strange in the Multiverse of Madness
3251000	3253800	Instant Corroboration
3279600	3295720	Doctor Strange in the Multiverse of Madness
3309980	3319660	Doctor Strange in the Multiverse of Madness
3330000	3340000	Doctor Strange in the Multiverse
3360420	3389680	Doctor Strange en el Multiverse
3395060	3400000	Doctor Strange en el Multiverse
3422860	3430000	Doctor Strange en el Multiverse
3451600	3460000	Doctor Strange en el Multiverse
3489960	3509980	Doctor Strange en el Multiverse
3516480	3539980	Doctor Strange en el Multiverse
3549300	3569640	Doctor Strange en el Multiverse
3585560	3599980	Doctor Strange en el Multiverse
3607460	3629980	Doctor Strange en el Multiverse
3630000	3640000	Doctor Strange en el Multiverse
3660220	3670000	Doctor Strange en el Multiverse
3690980	3700000	Doctor Strange en el Multiverse
3734840	3749980	Doctor Strange en el Multiverse
3750000	3760000	Doctor Strange en el Multiverse
3781440	3790000	Doctor Strange en el Multiverse
3821500	3839980	Doctor Strange en el Multiverse
3851120	3869920	Doctor Strange en el Multiverse
3870000	3880000	Doctor Strange en el Multiverse
3902580	3910000	Doctor Strange en el Multiverse
3933460	3940000	Doctor Strange en el Multiverse
3960000	3970000	Doctor Strange en el Multiverse
4008660	4019980	Doctor Strange en el Multiverse
4022520	4030000	Doctor Strange en el Multiverse
4050140	4060000	Doctor Strange en el Multiverse
4093860	4108660	Doctor Strange en el Multiverse
4132420	4139980	Doctor Strange en el Multiverse
4152080	4169980	Doctor Strange en el Multiverse
4181420	4198640	Doctor Strange en el Multiverse
4200620	4210000	Doctor Strange en el Multiverse
4233820	4240000	Doctor Strange en el Multiverse
4263120	4270000	Doctor Strange en el Multiverse
4290000	4300000	Doctor Strange en el Multiverse
4338720	4349980	Doctor Strange en el Multiverse
4350000	4360000	Doctor Strange en el Multiverse
4380000	4390000	Doctor Strange en el Multiverse
4415280	4420000	Doctor Strange en el Multiverse
4440000	4450000	Doctor Strange en el Multiverse
4470500	4480000	Doctor Strange en el Multiverse
4500620	4510000	Doctor Strange en el Multiverse
4530240	4540000	Doctor Strange en el Multiverse
4564520	4589980	Doctor Strange en el Multiverse
4590000	4600000	Doctor Strange en el Multiverse
4620160	4630000	Doctor Strange en el Multiverse
4663760	4679980	Doctor Strange en el Multiverse
4680000	4690000	Doctor Strange en el Multiverse
4710720	4720000	Doctor Strange en el Multiverse
4757360	4769700	Doctor Strange en el Multiverse
4773240	4780000	Doctor Strange en el Multiverse
4803080	4810000	Doctor Strange en el Multiverse
4833020	4840000	Doctor Strange en el Multiverse
4860000	4870000	Doctor Strange en el Multiverse
4890860	4892860	Game Board
4895640	4899600	La gente que estuvo bancando el GSB
4899600	4904620	Esas noches de silencio, esas noches a las 3 am
4904620	4907780	Respirando cerca del control
4909000	4911200	El Game Board evoluciona
4912000	4914560	El Game Board muta
4915220	4919560	Y da un paso más involucrando nuevos universos
4920460	4924560	Así que vamos a estar junto a mi amiguisimo Mazorama
4925460	4927020	Pero tú eres de la Play
4928080	4928700	Básicamente
4929420	4931020	Y transmitiendo yo
4931020	4933840	Con la remota esperanza, quién sabe
4933840	4935640	El día de mañana viene Playstation y dice
4935640	4936280	¡Oh Dios!
4937260	4938620	¿Qué es esto?
4939440	4940480	Primero te vas a decir ¿Qué es esto?
4940520	4941400	Literal ¿Qué es esto?
4941780	4942580	No lo entiendo
4942580	4944400	Y quizás después dices, esto es el futuro
4944400	4946460	Esto es impresionante
4946460	4947920	Así que vamos a juntarnos
4947920	4951520	También esto, como todo lo que sucede en el universo Game Board
4951520	4953380	No va a tener demasiada estructura
4953380	4955500	La verdad es que vamos a juntarnos cuando nos pinten
4955500	4957580	Pero quizás ese mismo miércoles por él
4957580	4958660	Ese mismo miércoles
4958660	4960900	Voy a visitarlo a Luquita, a su programa
4961680	4962700	Analizamos, sí?
4963860	4964340	Analizamos
4964860	4966940	Y termina y le digo a Mazorama
4966940	4967800	Che, bro
4968740	4970400	Sale un Game Board
4972660	4974600	Y nos juntamos
4974600	4976620	Y nos juntamos y prendemos
4976620	4978080	Y qué sé yo que esto o que lo otro
4978080	4980040	Y la gente que quiera venir está invitada
4980040	4981860	Y al mismo tiempo
4981860	4983060	Y al mismo tiempo
4983060	4985340	Por supuesto que pueden seguir existiendo
4985340	4987400	Game Boards aislados en soledad
4987940	4989380	En silencio, ¿por qué no?
4989600	4991840	En un día, lo más antilaboral posible
4991840	4993720	Tipo un jueves a las 4 am
4993720	4995060	Entonces, algo así
4995060	4996740	Eso es lo que tenemos que hacer
4996740	4999120	Te van a afectar su vida cotidiana
4999120	5000300	De forma irreparable
5000300	5002560	Que pierdan laburos, que les vaya mal
5002560	5005220	Que tienen que abandonar a todos sus aspectos
5005220	5007020	Que tienen un San Valentín
5007020	5009540	Pidiendo esto hace una hora y media
5009540	5011380	Que haya como 10 personas trabajando acá
5011380	5013220	Pensando que hasta cuánto más querrá hablar
5013220	5015120	Eso es lo que nos apasiona
5015980	5017220	Mejorar un poco el mundo
5017220	5019620	Y destruirlo en simultáneo
5020220	5022020	Así que esto va a suceder
5022020	5023400	De hecho, tengo varias novedades
5023400	5024840	Al respecto de Game Board, esto lo sabe
5024840	5027600	El escasísimo grupo de personas que lo siguió
5027600	5029180	No saben los juegos que estaba jugando
5029180	5031080	Tengo novedades, gané uno
5031080	5032660	Me bajé otros más
5032660	5034180	Así que ya les voy a contar
5034180	5035380	Porque básicamente
5035380	5038220	Se los voy a adelantar acá
5039240	5041460	Terminé el Fallen Order
5041460	5042760	¿Ustedes terminaron el Fallen Order?
5043200	5044120	No, no lo jugaron
5044120	5046300	El final del Fallen Order
5047640	5049600	Es una locura
5050420	5052640	El final del Fallen Order
5052640	5053520	Si, pasemos
5053520	5054940	Pasemos, pasemos al próximo
5054940	5056600	Pasemos, pasemos al próximo
5057800	5058860	¡Mira lo que es esto!
5060260	5060880	¡Mira lo que es esto!
5061580	5063740	¡Mira lo que es este robot!
5064040	5064540	¡Qué guay!
5066880	5067060	¡Mira!
5067060	5067360	¡Mira!
5068260	5069660	¡Mira lo que es!
5070560	5072940	¡Mira lo que es esta cosa medio...
5073520	5074040	¿No?
5075300	5075880	¡Raro!
5076300	5077100	¿No? ¿Qué?
5078220	5079960	Es un poco border, ¿no?
5080460	5082920	No me parece comer una categoría porno rara
5083520	5084000	Total
5084000	5085040	No me parece
5089960	5091060	No me parece
5091540	5094520	No me parece una categoría porno a la que no entras
5094520	5095520	Como digo
5096700	5098000	No sé si
5098000	5099840	No sé si ni quiero ver qué es
5099840	5101820	Porque una cosa va de tentáculos
5102940	5104740	Lo entiendo mecánicamente
5104740	5105620	Hay tentáculos
5105620	5107940	Pero te aparece este logo y decís
5109180	5111200	No, no voy a entrar
5111200	5113200	No necesito saber qué es
5114120	5115200	Pero vamos a estar haciendo
5116380	5117540	Cineboard y Otakuboard
5117540	5118920	¿Qué es esto, dirán? ¿Qué es esto?
5119220	5120800	Van a hacer distintas cosas
5120800	5123200	Que vamos a empezar a probar a lo largo de este año
5123200	5125080	Streamiando por mi cuenta
5125080	5127960	Así como lo decía al principio de Gran Ciresio el verano
5127960	5129700	Voy, ya está todo hablado
5129700	5131280	Para adquirir una computadora
5131280	5133060	Voy a comprar una computadora
5133060	5135320	Y también streamiar desde mi casa
5135320	5137400	Cuando pinte, o podemos organizarlo
5137400	5139680	Quizás lo organizamos a través de las epístolas
5139680	5141580	Y ahí todo se conecta con todo
5141580	5144200	Pero por ejemplo pones un día, una fecha, una hora
5144200	5145740	Y vemos como acá quiere
5145740	5147420	El compatriota hago5
5147420	5149680	Un buen día, que me viene insistiendo
5150300	5151820	Hace, desde que lo conozco
5151820	5153660	O sea, desde su principal interacción conmigo
5153660	5155820	Ha sido insistirme una y otra vez que vea
5155820	5157440	Un buen día, yo no vi
5157440	5159200	Un buen día, no sé nada
5159200	5161540	Sé que debe, intuyo
5161540	5163480	Por lo que he visto en memes y qué sé yo
5163480	5165280	Que debe orbitar
5165280	5167740	En el universo de lo malo
5167740	5169400	Viste ese tipo de cosas
5169400	5170760	Pero vamos a hacer así con cosas
5170760	5172420	O sea, cuando quieran algo
5172420	5175160	Esto lo quiero ver en Cineboard
5175740	5176600	Lo mandás
5176600	5179160	Y lo mismo TAKUBOARD, gran materia de debate
5179160	5181100	La gente pide Evangelion
5181100	5183520	Hago5 no le gusta tanto Evangelion
5183520	5185840	O sea, cuando tengan algún tipo de contenido
5185840	5186880	Que engloban estas cosas
5186880	5189460	Vamos a empezar a verlo porque me quiero meter hace mucho
5189460	5190900	En ese mundo, quiero entenderlo
5190900	5192420	Me dicen que hay cosas espectaculares
5192420	5195000	Así que me gustaría entenderlas
5195000	5196940	Un cucumelo suelto ya está volando a esta hora
5196940	5199080	Como verán está en un estado
5199080	5200440	Postcreativo total
5201680	5202760	Estudiando superposiciones
5202760	5204720	Metiendo magia, sintiéndola
5204720	5207000	Pero esto es el anuncio Cineboard y TAKUBOARD
5207000	5208120	¿Y por dónde va a salir?
5208800	5209580	Por este canal
5209580	5212220	El eje de la mayoría de las cosas
5212220	5214820	Va a ser streameado a través de acá
5214820	5217260	Así que el factor ordenador
5217260	5219520	Va a ser este, cuando se prende este
5219520	5220780	Acá la gente quiere ver Monster
5220780	5222380	Quiere ver Arcane
5222380	5223420	Quiere ver... está bien
5226080	5228440	Ustedes saben cuál es un poco mi criterio estético
5231600	5234500	Capaz hay que ver Godzilla versus Kong
5235880	5237200	Se entiende
5237200	5239960	Ya hay gente que hace otras cosas
5240660	5242680	Nosotros queremos Finesa
5242680	5244380	Nosotros queremos Ciencia
5246860	5249280	Pasemos, no sé dónde estamos
5259020	5259660	Ufff
5259660	5260200	Poneme el chat
5260200	5262880	Poneme el chat
5262880	5264740	Puse la música, a ver qué
5264740	5266320	Qué tenés para decir
5269880	5272540	Qué difícil eh
5273300	5276380	Qué difícil esto eh
5276380	5278620	El laucroco
5280600	5281020	Ufff
5281020	5282780	Hay mucha expectativa acá
5284040	5285680	Hay mucha expectativa acá
5292280	5294040	Hay mucha expectativa acá
5294040	5296300	Porque no le dije a nadie que era esto
5296300	5298220	Yo mandé esta placa
5298220	5300160	Y primero me dijo Nico, ¿Y esto qué es?
5300700	5302620	No le dije, no, no, pará, tranquilo
5303900	5305640	Viene Fede y me dice
5305640	5307060	Che, Tommy
5307060	5310180	Fede me dice, Tommy, ¿Y esto qué es?
5310340	5311300	No Fede, no
5311300	5313640	Fede me dice, está bien, no me interesa tanto
5313640	5315600	O sea, solo quería, era una pregunta
5315600	5317200	De fácil respuesta, no estaba entrando
5317200	5318920	No, tranquilo Fede, no
5319960	5321420	Es difícil esto
5321420	5322600	Es difícil esto
5322600	5325640	Les quiero, les quiero anticipar
5327100	5327660	Que
5328600	5329160	Esto
5331080	5331640	Esto
5331640	5333640	Esta es la tarea
5333840	5335620	La misión
5335620	5337020	La búsqueda
5337020	5339260	Más ambiciosa
5339260	5341460	Que me he propuesto
5341460	5343460	Esta es la, esta es
5343460	5346140	Esta es mi piedra filosofal
5346140	5347940	Esta es mi tarea imposible
5347940	5349420	Esto es lo que
5349420	5352040	Y ya saben, ya saben
5352040	5352800	Que es esto
5352800	5354360	Me vinieron a buscar
5355840	5357220	De una gran editorial
5357840	5361040	La más poderosa de todas las editoriales
5361040	5362020	Descendieron
5362020	5364140	Del cielo de las editoriales, levitando
5364140	5366280	Y me dijeron, es ahora
5366820	5368000	Y yo dije, ¡No!
5368400	5370260	No, no estoy listo, dije
5370260	5372520	Hice mi propio camino
5372520	5374100	Del héroe
5374100	5375540	No estoy listo, dije
5375540	5377600	No, por favor, no
5377600	5380100	Toma mi mano, dijo, era rarísimo la reunión con la editorial
5383220	5386220	Era la reunión súper llena de tensión
5386220	5387240	Rarísima, ¿no?
5387900	5388620	Toma mi mano
5388620	5390160	Y yo tomé la mano
5390160	5392380	Del desconocido de la editorial
5393220	5394580	Y me dijo
5395920	5396280	Empezá
5397800	5398520	Intentalo, intentalo
5399100	5400220	Y no les voy a mentir
5400220	5402760	Yo nunca les he mentido en absolutamente nada de lo que haga
5402760	5404660	Incluso, ni cuando mis opiniones
5404660	5406260	No me convienen, ¿no?
5406740	5408620	Yo siempre le digo lo que pienso, incluso si no me conviene
5409620	5411140	En este caso no les voy a vender humo
5411140	5412580	Que es lo que más natural me sería
5413260	5414800	Esto, no me está
5415500	5416220	Saliendo, ¿sí?
5417360	5419280	Durante todo el gran silencio
5419280	5420220	Del verano
5421300	5423240	Intenté, intenté
5423240	5425360	Escribí en la oscuridad
5425360	5426220	Rodeado de
5426760	5428220	Fantasmas y demonios
5428920	5430220	Intentando concretizar
5431040	5432480	Máxima ciencia
5432480	5434560	Y máxima verdad en estado puro
5434560	5436240	Esa es mi búsqueda
5436240	5438380	No quiero hacer
5438380	5440220	Un manual de recopilaciones
5440880	5443040	No quiero hacer
5443040	5443460	¿Viste?
5443460	5445680	Un compilado
5445680	5447520	De Greatest Hits
5447520	5449680	No quiero, no quiero
5449680	5451320	Necesito reducir
5451320	5453480	El conocimiento a su
5453480	5455460	Mínima unidad irreductible
5456240	5458040	Y está muy cerca de ser
5458040	5459040	Intransferible
5459040	5461160	Porque está poderoso
5461160	5463500	El poder involucrado
5463500	5465660	O sea, no puedo más
5465660	5467640	Cada hora
5467640	5469120	Que he pasado intentando
5469120	5471400	Escribir el poderoso náucrato
5471400	5473680	Envejecí como
5473680	5475740	Como un año
5475740	5478000	Cada hora envejecí un año
5478000	5479460	Así que lo intenté
5479460	5481180	Lo estoy intentando
5481180	5483760	Pero es parte, quiero que sepan
5483760	5484780	Que es parte
5485400	5487200	De este multiboard
5487200	5489800	De los intentos de este multiboard
5491440	5493560	Traerles el poderoso
5493560	5494600	Náucrato
5494600	5497800	Los comentarios al náucrato
5497800	5499400	Es la tarea más ambiciosa
5499820	5502080	Es, como ya han dicho una y otra vez en el chat
5502080	5502980	El libro
5503640	5505040	Mi primer libro
5505040	5507720	Me encanta, me encanta, le respeto mucho
5507720	5509720	La escritura, la literatura, la respeto tanto
5509720	5511660	Que no puedo realizarla, ese es el problema
5511660	5513120	Ese es uno de los problemas
5513120	5515080	Así que es parte también de este universo
5515940	5517360	Seguimos, seguimos, seguimos
5518380	5518820	¿Qué?
5519380	5520360	¿Qué estás haciendo?
5522660	5523640	¡Mira que apareció!
5525960	5526720	¡Mira que apareció!
5533200	5534140	¡Mira que apareció!
5535960	5536540	¡Mira que apareció!
5538000	5538600	¡Mira que apareció!
5542260	5542880	¡Mira que apareció!
5557380	5559520	¿No estás para duplicißeme un borde ahi, o qué?
5559520	5565520	No está para multiplicar un par, está subiendo el rating, está subiendo...
5566220	5570280	Esto pasa a acordar, ¿se acuerdan de un programa de Fantino, de animales sueltos?
5570340	5575580	El animal es suelto 100, que Fantino entra bailando
5575580	5579840	y se ve que de la cucaracha del rating le empiezan a decir
5579840	5582520	Dale, dale, dale, seguí dale que está funcionando
5583280	5585940	y el chavo... yo lo vi en vivo eso, eh
5585940	5587580	Yo lo vi en vivo, no me lo puedo contar nadie
5587580	5589580	Yo estaba viendo que el programa 100
5590220	5591880	y Fantino empieza a dar todo
5591880	5593700	y Fantino se empieza a chivar la vida
5593700	5595300	y no puede más
5595300	5597640	y le dicen seguí, y él dice
5597640	5599580	por la cucaracha me dicen que siga
5600280	5602440	por la cucaracha me dicen que siga
5602440	5604060	y no puede más
5604060	5607000	Así es, el rating, sube la gente
5607000	5608740	sube la gente, hay suscriptores
5608740	5610500	llame gente, llame gente
5610500	5611760	hay suscriptores
5613840	5614800	hay suscriptores
5614800	5615980	la gente que se suscribe
5616860	5617720	tenés que seguir
5617720	5618260	no puedes parar
5618260	5621980	no puedes parar o no?
5623000	5623380	no puedes parar
5624280	5625240	no puedes tener
5627120	5628060	no puedes tener
5630260	5631180	es así
5633140	5634060	cuando arranca
5634060	5635900	me dicen que siga
5635900	5637780	me dicen que siga
5637780	5639980	me dicen que siga
5641080	5641860	me dicen que siga
5641860	5643760	sube la gente
5643760	5644840	sube la gente
5644840	5647740	ahí me dicen que bajó
5647740	5649940	podemos recuperar a él
5649940	5650580	podemos
5650580	5652660	a recuperar
5652660	5654640	un paso lento
5654640	5657380	más relajado
5657380	5659500	volvemos al anuncio
5659500	5661640	acá, el de Hitch
5661640	5662620	¿se acuerdan de Hitch?
5664180	5665460	esta es tu zona
5665460	5667940	el chavo le tiraba el Krabers
5667940	5668860	acá qué?
5669140	5670140	volvemos acá
5670140	5672080	volvemos acá
5672080	5673000	volvemos acá
5673000	5675280	y les cuento
5675280	5676980	les cuento qué es esto
5676980	5679040	les cuento qué es
5680460	5682460	las Fiestongs
5682460	5685120	les cuento qué es
5685120	5686500	las Fiestongs
5686500	5687000	sí?
5687660	5690340	porque mucho hemos hablado
5690340	5692140	de la inminencia
5692760	5694480	de los gloriosos
5694480	5695580	años 20
5696140	5697980	los dijimos que se vienen, se vienen
5697980	5699120	los gloriosos 20
5699120	5701040	vamos a recordar esta etapa de nuestras vidas
5701040	5703540	te acordás los gloriosos 20
5703540	5705960	te acordás los gloriosos 20
5705960	5707300	te acordás
5707300	5708780	los gloriosos 20
5708780	5710020	así lo decís en este tono
5710760	5712840	es como un carraspeo agudo
5712840	5714520	así lo vas a recordar
5714520	5716960	cuando tengas 40 años vas a recordar este momento
5716960	5719500	te acordás los gloriosos 20
5719500	5720520	pero de qué se trata
5720520	5723800	no se trata solo de anunciarlos
5723800	5726080	no se trata solo de anunciarlos
5726080	5729140	se trata de realizar
5729140	5730360	los gloriosos años 20
5730360	5731760	por eso es que dijimos
5731760	5734620	no solo vamos a decir que se vienen
5734620	5737180	vamos literalmente a concretizarlos
5737180	5738480	en eventos
5738480	5739740	vamos a juntarnos
5739740	5741560	y a festejar
5741560	5743680	como los gloriosos años 20
5743680	5745700	y hay fecha
5745700	5747960	vamos a hacer fiestas
5747960	5750100	en celebración de los gloriosos años 20
5750100	5751580	donde vengan todas las personas
5751580	5754160	que quieren celebrar los gloriosos años
5754160	5756400	de la mejor década de la historia argentina
5756400	5757080	por venir
5757080	5760300	y recién empiezan los gloriosos años 20
5760300	5761680	recién empiezan
5761680	5764160	ese 22 estamos en el amanecer
5764720	5766560	de los gloriosos años 20
5766560	5768560	el absoluto amanecer
5768560	5770780	la gente me dice sucedió en un maga
5770780	5772920	yo pregunté que eres sexo peronista
5772920	5774480	y la gente dice sí
5774480	5776160	y vamos a hacer
5776700	5778160	fiestas llenas de sexo
5779980	5781680	con todas las fideologías
5781680	5782620	vos vas a entrar
5782620	5785300	y va a ver tipo sexo
5785300	5786500	en dos partes
5786500	5789440	y vas a decir ui pise un sexo
5789440	5791260	o no
5791260	5793680	y realmente esta lleno de sexo
5794380	5795900	y decís como puede ser
5795900	5797300	y ahí agarras y decís
5797300	5800260	ah claro son los gloriosos años 20
5800260	5801680	y yo soy su protagonista
5802500	5803140	si
5804100	5805680	esto es el anuncio
5806460	5807120	de esta vuelta
5807120	5809780	y acá ya el Thanos Carpati ha puesto
5809780	5812160	el enlace de Tiketek
5812160	5813720	para la primera
5813720	5815240	fiestonx
5815240	5816420	de la historia
5816420	5820060	la primera fiestonx de la historia
5820060	5821240	donde gente
5821780	5823220	de todas las fideologías
5823220	5825580	de todos lados va a venir a festejar
5825580	5828920	el inicio de los gloriosos años 20
5828920	5829940	y quiero hacer una
5829940	5830840	aclaración especial
5830840	5833340	porque estas entradas
5833340	5835240	están puestas por
5835780	5837780	48 horas
5838640	5839780	a precio agobero
5840940	5842540	por 48 horas
5842540	5843820	tiene como un descuento
5843820	5845540	del 40%
5845540	5847520	de lo que nos han recomendado
5847520	5850280	expertos en fiestas en cobrar las entradas
5850280	5852120	y yo dije no no puede ser
5852120	5853640	hay que darlas mas baratas
5853640	5855600	para las fiestonx para los agoberos
5855600	5857220	así que vamos
5857780	5859520	ahora ya esta publicada ya pueden comprar
5859520	5861780	ahora sus entradas que las tienen a este precio
5862380	5863820	las tienen a precio
5863820	5864900	promocional agobero
5864900	5866540	en dos días
5866540	5867640	se puede ver no?
5868420	5870800	se puede ver mira
5870800	5872900	el chiqui palmas ya compro
5873500	5874340	chiqui capaz
5874340	5877020	justo a vos te podíamos hacer
5878180	5878900	chiqui
5880420	5881140	chiqui
5881140	5882540	creo que vos podías pasar
5882540	5883840	generar un inicio en nosotros
5883840	5886580	es como manu de algo 5
5886580	5888540	siempre que vas a todos lados
5888540	5890040	siempre que compras
5890900	5893240	vos armaste esto
5893240	5894580	osea porque compraste la entrada
5894580	5896520	para mas cartes
5896520	5899020	asi que bueno
5899020	5900200	si
5901180	5902420	ponchex dice
5902420	5905240	esta caro eh
5905240	5907500	un regalo esta
5907500	5909500	es un regalo de entrada
5909500	5910700	ponchex
5912240	5912920	caro
5913740	5915480	esto no es nada en lo que va a estar
5915480	5917240	en 48 horas la entrada esta a 5000 pesos
5918940	5920240	ya mismo ponchex
5920240	5922480	si ponchex
5922480	5923580	aca el disco dice
5923580	5926020	compran allá y revende
5926020	5927340	ponchex compra
5927340	5928660	ponchex compra todas
5929400	5931680	ponchex escuchame compra todas
5931680	5933780	el 3 compra todas
5934600	5935200	nunca
5936240	5938140	nunca van a estar mas baratas que en este momento
5938140	5940780	y nos vamos a ver ahi asi que el primer
5940780	5942080	el primer encuentro
5942080	5944420	fisico agobero de este año
5944420	5946340	va a ser en la fiestongs
5946340	5948120	y de todos quienes quieran festejar
5948120	5949860	estos gloriosos años 20
5949860	5952320	la fiestongs va a ser un signo
5952320	5953380	de esa epoca
5953380	5955200	eh te acordas la fiestongs
5955200	5957320	te acordas
5957320	5960500	te acordas el sexo del piso
5960500	5962120	te acordas todo ese sexo
5963060	5964120	que habia en todas partes
5964740	5966120	te acordas
5967900	5970400	vendo 4 entradas acepto criptoboard
5970400	5972100	dice con una cola perfecto
5972100	5973560	ya hay gente haciendo su negocio
5973560	5975200	ya hay gente entrando si
5975200	5977740	ya hay gente entrando asi que esto va a ser parte
5977740	5978760	de la cultura
5978760	5980720	de los gloriosos años 20
5980720	5983200	la impresionante fiestongs
5984160	5985200	vamos a lo proximo
5985760	5987320	ya queda muy poco
5987320	5989780	ya estamos sobre el final
5989780	5991920	sobre el final de esta impresionante jornada
5991920	5993200	de la cual estoy enormemente agradecido
5994080	5995200	de hecho terminamos
5996580	5998160	nos queda muy poco
5998160	5999240	terminamos
5999960	6000640	impresionante
6001200	6003020	miren lo que es este mapa
6003020	6005020	poneme que pierdo referencia
6005600	6007020	miren lo que es este mapa
6010520	6011800	mira loco
6011800	6012220	mira
6015020	6016680	mira lo que es este mapa
6018060	6019740	mira lo que es
6019740	6021020	este mapa
6022600	6025020	mira lo que es la fase 2
6025660	6027020	mira lo que es el multiboard
6027920	6029160	y reitero
6029160	6031020	una vez mas
6031020	6032480	una vez mas
6033020	6035080	gracias y felicitaciones
6035080	6037100	y de verdad
6037100	6038980	la posibilidad que podamos hacer estas cosas
6038980	6040460	estos diseños
6040460	6042760	este concepto, este trabajo
6042760	6044040	es todo
6044040	6046900	la banca de esta fantabulosa comunidad
6046900	6048500	es todo a las personas
6049020	6051060	son el obrero
6051060	6053220	petrolero que dijimos que golpea a su familia
6053220	6054920	para poder mantener
6054920	6057120	el multiboard
6057120	6058640	es
6059740	6062720	la gente que paga impuestos
6063380	6065060	la gente que paga impuestos
6065060	6065520	es
6065520	6067360	lo que esta siendo como la parte emotiva del final
6068460	6069060	es como
6069060	6072040	es shulman cuando golpea empleadas
6072040	6072780	es shulman cuando golpea empleadas
6072780	6074720	por salario minimo
6074720	6076580	porque es discapacitado
6078660	6079260	es
6080340	6080940	comar
6080940	6082740	enemistandose con gente que le dio
6082740	6083620	muchísimo
6083620	6086640	y por la cual esta agradecido pero tiene que destruirlas
6086640	6089120	porque es hermano contra hermano
6089120	6090640	en la gran guerra sagrada
6091440	6092040	si?
6093120	6095020	y el resultado de todos
6095020	6096620	esos esfuerzos
6096620	6098640	todos esos esfuerzos, todos esos sueños
6098640	6100320	de argentinidad cosmica
6100320	6102300	irradiando por el espacio
6102300	6104680	dan luz a este fabuloso
6104680	6106960	multiboard que espero estemos haciendo
6106960	6109000	de minima a lo largo de todo el año
6109000	6110880	de minima a lo largo
6110880	6112680	de todo el año con todo lo que hemos
6112680	6114460	mencionado ya a partir de hoy
6114460	6116060	estas cosas están operativas
6116060	6117600	si bien algunas no tienen fecha
6117600	6120920	ya saben las epístolas
6120920	6122080	que burro es esto
6122080	6124080	las epístolas están operativas
6124080	6126520	el gameboard puede pasar en cualquier momento
6126520	6128700	lo de luquitas
6128700	6130460	lo de luquitas
6131520	6132200	arranca
6132200	6133760	en marzo
6133760	6135520	voy a ir los miércoles, no se que fecha
6135520	6137540	el primer miércoles de marzo
6138300	6139600	2 es?
6142240	6142240	
6142240	6144240	2 de marzo
6144980	6146240	2 de marzo 20 horas
6147300	6148320	primer programa
6148320	6150200	junto a luquitas rodríguez
6150200	6152640	cineboard de taco board no tiene fecha porque tengo que comprar la compu
6152640	6154600	pero acá el poder ilimitado
6154600	6156240	de streaming studio
6156760	6158480	también me va a dar la ciencia
6158480	6160320	y la técnica que necesito
6160320	6162740	para adquirir mi máquina de transmisiones
6162740	6164020	así que en cuanto tenga eso
6164020	6165060	ya arranco
6165060	6168580	la columna de la barro que esta allá
6168580	6169100	tengo
6169940	6171440	¿puedo atravesar el campo?
6172240	6172780	te copio
6172780	6174460	¡ahí! gracias
6175060	6176900	multiboard de un universo paralelo
6176900	6179520	que ha venido con generosidad de su presentación
6179520	6181100	a la nuestra para facilitar
6181100	6181880	esta completitud
6181880	6185160	la columna de la barro no le puse día todavía
6185160	6187200	quizás es miércoles también pero temprano
6187200	6189160	va a ser temprano y sale por el destape
6189160	6191440	así que eso también tenemos que definirlo
6191440	6192260	gracias
6193480	6195320	el enigmático y poderoso
6195960	6196540	náucrato
6196540	6197740	sienten su poder
6197740	6200040	lo sienten acá es tan terrible
6200040	6201960	que es un poco tenible
6201960	6203380	de verdad es demasiado esto
6204500	6206100	este es el desafío real
6206100	6207540	quiero confesarles a ustedes
6207540	6209300	que de todo esto que dije
6209300	6211620	esto es lo único que me preocupa
6211620	6212520	lo único que digo
6213520	6215580	no se si me da el cuero
6216880	6217400	¿cuestion?
6218500	6219780	acá me dice
6219780	6222200	Lucas me dice Reborda vas a juntar en pala
6222200	6224540	necesito más Lucas
6224540	6226240	es importante
6226240	6228360	tengan cuidado con reflexiones como la de Lucas
6228360	6230540	porque es importante
6231460	6232800	todo esto necesita
6232800	6234320	mucha plata
6234320	6236780	yo no quiero mucha plata para mí
6236780	6238540	yo solo quiero ser multimillonario normal
6239600	6241600	multimillonario bien quiero
6241600	6242700	como multimillonario
6242700	6243820	tranqui no
6244540	6246540	quiero todo no no quiero muchísimo nada más
6247420	6248840	quiero mucho mucho
6248840	6250280	mucho mucho
6250280	6252780	pero hasta ahí
6252780	6255020	porque es importante la visión
6255020	6256600	colectiva de las cosas
6256600	6258740	ustedes van a aportar para que yo sea
6258740	6260920	super millonario pero saben que
6260920	6262880	no tanto
6262880	6264780	cuando sea mucho ahí
6265680	6266780	Manu va a cobrar
6267740	6268780	Juli va a cobrar
6269420	6270740	streaming studios
6270740	6272580	el chiqui
6272580	6274780	Dani, Fede
6275640	6276940	y todo
6276940	6278300	no
6278300	6280660	Cucumelo el come de arte
6281320	6282660	no, él le está yendo muy bien
6283780	6285180	y eso es lo que podemos construir
6285180	6287100	porque fuera de joda hay un montón de personas
6287100	6288000	laburando en esto en serio
6288660	6289780	y hablando de verdad
6289780	6291300	podemos hacer mucho más
6291300	6293540	a mí me emociona esta cosa porque quiero hacer el triple
6294100	6295660	hermano si yo fuera multimillonario
6295660	6298660	haría una serie de Netflix sobre Wemes
6299500	6300440	¿entendés lo que te digo?
6301460	6302580	de verdad lo digo
6303200	6304980	o sea si yo soy
6304980	6306660	nuestro galperín
6308240	6309060	mi poder
6309060	6310860	sería ilimitado
6310860	6312420	¿pensaron eso alguna vez?
6313040	6314860	¿pensaron lo que les conviene hacerme
6314860	6317420	super millonario? yo les puedo hacer mucho daño a ustedes
6319220	6321340	a ustedes les conviene
6321340	6323340	hacerme super millonario
6323340	6324640	imagínense una guerra
6324640	6326920	una serie sobre todas
6326920	6328880	las guerras civiles argentinas
6328880	6331060	unitarios versus federales bien hecha
6331900	6333780	dejase el laburo a medio HBO
6333780	6337080	los arruinás
6337700	6339080	limpiás el piso con HBO
6340540	6342340	limpiás el piso con HBO
6343680	6344160	imaginen
6344160	6345760	acá en todo esto negro
6345760	6347080	que ven hay lugar para responsos
6350440	6352040	acá todo lo que es tipo
6352040	6353300	estos espacios
6353300	6354720	¿qué se piensa que esto va así?
6356180	6357140	acá marca
6358600	6359080	marca
6359080	6360860	ponéle vos ahí estás con tu emprendimiento
6360860	6361980	donde eres un mango y decís
6362480	6364300	voy a invertir en Reborn
6364300	6365260	voy a darle
6366440	6367000	acá
6367000	6369760	acá podrías estar vos loco
6369760	6371820	haciendo millonario y ¿quién gana?
6372000	6372540	¿el país?
6374660	6374980	¿si?
6375700	6377340	bueno ya que hicimos esa creación importante
6377340	6378480	sigo, gira a bordo
6379700	6382160	vamos a estar haciendo a lo largo del territorio nacional
6382160	6383400	fiestongs ya saben
6383400	6384420	¿cuándo es la fecha de las fiestongs?
6385100	6387600	5 de marzo
6388440	6390540	yo trabajo en líneas temporales
6390540	6391920	alternativas recorden
6393240	6394900	sábado 5 de marzo
6394900	6395800	11 y media de la noche
6397480	6398120	sábado
6398120	6399840	sábado 5 de marzo
6399840	6402360	11 y media de la noche
6403320	6404040	uni club
6404040	6405880	uni club
6407500	6408140	fiestongs
6408140	6409340	sábado 5, mirá
6409340	6411100	Juli compró dos entradas
6411920	6412220	luti
6412220	6413480	50 vendidas
6415920	6417180	la gente hace cualquier cosa
6417960	6420060	esto es increíble
6420060	6421200	50 vendidas
6421200	6423120	y lo puedes ver en vivo
6425400	6425840	¿sí?
6427580	6427680	bueno
6427680	6431500	mira lo que trato de decirles
6431500	6433320	súbanse al tren del Haim
6433320	6434060	no se queden afuera
6435080	6436060	no se queden afuera
6436960	6438060	seguimos, para que me pierdo
6439840	6440280	fiestongs
6441200	6442080	sábado 5
6442080	6443300	era 5 de marzo
6443300	6445800	no me acuerdo los números, yo no retengo números
6445800	6447780	solo los uso para la ciencia
6447780	6449460	sábado 5 de marzo
6450000	6450440	fiestongs
6451340	6454060	me da risa el que grita ah es el tren del Haim
6454060	6456260	ah como me emociona el tren del Haim
6456260	6457140	que no entiendo que es
6457780	6459560	antes cuando
6459560	6461760	cuando estábamos pasando los videos anteriores
6461760	6463320	yo voy al tren del Haim y decía pará
6463320	6465220	déjame entrar un toque, le decía Nico
6465220	6467400	era mogado, le decía che Nico
6467400	6470120	Nico déjame jugar, Nico está el tren del Haim
6470120	6471640	déjame entrar Nico
6471640	6473580	Nico decía no pará que está la presentación
6473580	6474940	déjalo que armara, está bien
6474940	6476860	Nico está pasando un tren del Haim
6476860	6478220	qué tal nivel 3 me decía
6478220	6480280	hay que bailar hay que hacer algo
6480940	6482200	pero como me gusta el tren del Haim
6482200	6485080	sigo sin saber que es, pero me encanta el tren del Haim
6485080	6487660	me encanta el tren del Haim
6488420	6488860	método
6488860	6491160	mira lo que está haciendo, uh me encanta ese desplazamiento
6491160	6492860	deslizame hasta Maga
6492860	6494760	Maga, si todo sale bien
6494760	6496940	lunes que viene y Caricias
6497420	6499440	Caricias, quieren un adelanto
6500480	6500920	marzo
6500920	6501760	gente
6502960	6503680	marzo
6503680	6505580	gente querida
6505580	6507760	fantabulosos compatriotas
6509240	6510680	estimados compatriotas
6510680	6511760	agoveros, agoveras
6512760	6514200	enemigos, curiosos
6514200	6515880	gente fascinante que viene
6515880	6517920	por acá, les quiero agradecer
6517920	6520100	como arrancamos esto agradeciendo profundamente
6520100	6522200	de verdad a la gente de streaming
6522200	6524040	estudio, síganlos en instagram
6524040	6526140	lo acaban de abrir hasta todo recién inaugurado
6526140	6527760	armaron un lugar impresionante
6528520	6529780	para hacer este tipo de cosas
6530660	6531620	sueños, realidad
6532720	6533200	dreams
6533780	6535620	y ustedes pueden contactar a streaming estudio
6535620	6537980	y decirles hola a streaming estudio quiero realizar mis dreams
6537980	6539420	bueno vamos a ver, les van a decir
6540420	6541740	primero vamos a ver
6541740	6543740	no, pero yo veo un stream de rebord
6543740	6545900	que decía que si yo lo quiero
6545900	6547780	va a ser, si está bien, te van a decir
6548380	6549500	está bien
6549500	6551220	primero hablemos, eh
6551220	6553500	se volvieron raras
6553500	6555780	el tono es lo extraño
6556380	6558000	pero streaming estudio lo puede hacer
6558000	6560080	al fabuloso equipo de trabajo
6560080	6562460	nucleado en lo que es el sistema agove
6562460	6563800	ya los mencione
6563800	6566240	agove 5, a julie
6566240	6568160	al poderoso poeta twitter
6568160	6569480	un cucumelo suelto
6569480	6572360	a todos ustedes, los ciudadanos y ciudadanas
6572360	6574100	VIP, los como se llama acá
6574100	6575660	que tienen, son VIP, no?
6576600	6578180	los VIPs de acá que lo hicieron
6578180	6580500	durante la integrancia, vamos a seguir nombrando gente
6580500	6582080	seguramente lo vemos en los otros streams
6582080	6583780	en estos, en un taco board, cine board, game
6583780	6586460	una cosa más relajada, por supuesto a fede
6586460	6588760	como siempre que está acá, espero que nos hayan seguido
6588760	6590800	bancando los trapos, él va a recibir sus pedidos
6590800	6591580	para la gira board
6592060	6594700	y demás, que quiero transmitirles mi gratitud
6594700	6596440	a mis compañeros y compañeras
6596440	6598600	de distintos formatos, donde estamos trabajando con
6598600	6600500	gente fabulosa, en medios
6601260	6602500	espectaculares, y con grupos
6602500	6604480	que hemos armado a lo largo de estos
6604480	6606280	años de trabajo, estoy
6606920	6608580	impresionantemente feliz, así que
6608580	6610360	quiero agradecerles, no tengo mucho más
6610360	6612880	así que, la realidad es que nos podemos retirar
6612880	6614480	con un aplauso
6614480	6615980	generalizado, no, eso no
6615980	6617880	eso es el año que viene
6618820	6620380	cortemos acá
6620380	6621940	listo
6627160	6627940	perfecto
6628480	6629600	¿cuánto duró?
6631680	6632460	perfecto
6649060	6649980	perfecto
6649980	6650300	perfecto
6650300	6650500	perfecto
6650500	6651100	hermoso
